{"pos":{"x":78.0943832397461,"y":38.218910217285159,"z":0.0}}