{"type":0,"objPos":{"x":50.00004577636719,"y":110.13067626953125,"z":0.0}}