{"pos":{"x":101.23477172851563,"y":123.00733184814453,"z":0.0}}