{"pos":{"x":35.61888885498047,"y":194.00006103515626,"z":0.0}}