{"pos":{"x":275.00018310546877,"y":31.133705139160158,"z":0.0}}