{"pos":{"x":78.0751724243164,"y":266.94189453125,"z":0.0}}