{"pos":{"x":108.08795928955078,"y":212.57566833496095,"z":0.0}}