{"pos":{"x":372.00091552734377,"y":94.58103942871094,"z":0.0}}