{"pos":{"x":322.0000305175781,"y":111.81170654296875,"z":0.0}}