{"pos":{"x":132.00169372558595,"y":138.00674438476563,"z":0.0}}