{"pos":{"x":106.22833251953125,"y":203.33944702148438,"z":0.0}}