{"pos":{"x":23.555566787719728,"y":24.041696548461915,"z":0.0}}