{"pos":{"x":61.57524871826172,"y":39.99458312988281,"z":0.0}}