{"pos":{"x":26.450809478759767,"y":33.26213073730469,"z":0.0}}