{"pos":{"x":22.315298080444337,"y":16.00889778137207,"z":0.0}}